train_file, test_file,base,number_of_days,true_positive,false_positive,days_error_mean_north,days_error_mean_east,days_error_mean_south,days_error_mean_west,days_error_max_north,days_error_max_east,days_error_max_south,days_error_max_west,days_error_min_north,days_error_min_east,days_error_min_south,days_error_min_west,days_error_std_north,days_error_std_east,days_error_std_south,days_error_std_west,days_error_mean_total,days_error_max_total,days_error_min_total,days_error_std_total,real_with_spores,real_without_spores,detected_with_spores,not_detected_with_spores
test, coletoressafra2021_31_23, 990000, 137, 126, 227, -5.188888888888889, -9.809523809523805, -5.753968253968255, -3.840425531914894, 57.33333333333333, 9.666666666666686, 26.0, 46.5, -158.0, -72.0, -115.0, -150.0, 51.96404977612698, 26.93944246065057, 28.97652849859141, 39.95570770919127, -5.130952380952381, 57.33333333333333, -158.0, 39.50430070096814, 126, 378, 126, 0
test, coletoressafra2122_31_23, 990000, 137, 68, 285, -15.54761904761905, 8.047619047619053, -16.55072463768116, -41.41666666666667, 18.5, 57.666666666666686, 22.0, 22.0, -139.0, -12.333333333333314, -131.0, -154.0, 38.34934596053636, 21.718018684974627, 45.60173196724109, 55.54440165809292, -22.58823529411765, 57.666666666666686, -154.0, 48.86579151662177, 68, 436, 68, 0
test, coletoressafra2223_31_23, 990000, 137, 98, 255, -16.855555555555558, -10.611111111111105, -15.506172839506174, -19.55714285714286, 50.0, 2.6666666666666856, 16.5, 14.333333333333314, -93.0, -38.333333333333314, -131.0, -117.0, 28.31292511195305, 13.78695930630029, 34.34293529525987, 33.93813098409925, -17.066326530612244, 50.0, -131.0, 31.60357786186804, 98, 406, 98, 0
